<?xml version='1.0' encoding='UTF-8'?>
<project>
  <actions/>
  <description></description>
  <logRotator class="hudson.tasks.LogRotator">
    <daysToKeep>30</daysToKeep>
    <numToKeep>-1</numToKeep>
    <artifactDaysToKeep>-1</artifactDaysToKeep>
    <artifactNumToKeep>-1</artifactNumToKeep>
  </logRotator>
  <keepDependencies>false</keepDependencies>
  <properties>
    <org.jenkinsci.plugins.compressbuildlog.BuildLogCompressor plugin="compress-buildlog@1.0"/>
    <com.nirima.jenkins.plugins.docker.DockerJobProperty plugin="docker-plugin@0.8">
      <tagOnCompletion>false</tagOnCompletion>
      <additionalTag></additionalTag>
      <pushOnSuccess>false</pushOnSuccess>
      <cleanImages>true</cleanImages>
    </com.nirima.jenkins.plugins.docker.DockerJobProperty>
    <com.chikli.hudson.plugin.naginator.NaginatorOptOutProperty plugin="naginator@1.16">
      <optOut>false</optOut>
    </com.chikli.hudson.plugin.naginator.NaginatorOptOutProperty>
    <hudson.model.ParametersDefinitionProperty>
      <parameterDefinitions>
        <hudson.model.ChoiceParameterDefinition>
          <name>STATUS</name>
          <description></description>
          <choices class="java.util.Arrays$ArrayList">
            <a class="string-array">
              <string>NOT_STARTED</string>
              <string>PASSED</string>
              <string>FAILED</string>
              <string>SUSPENDED</string>
              <string>ONGOING</string>
              <string>OTHER</string>
            </a>
          </choices>
        </hudson.model.ChoiceParameterDefinition>
        <hudson.model.StringParameterDefinition>
          <name>PS_REL</name>
          <description></description>
          <defaultValue></defaultValue>
        </hudson.model.StringParameterDefinition>
        <hudson.model.ChoiceParameterDefinition>
          <name>RELEASE</name>
          <description></description>
          <choices class="java.util.Arrays$ArrayList">
            <a class="string-array">
              <string>REL3</string>
              <string>REL4</string>
            </a>
          </choices>
        </hudson.model.ChoiceParameterDefinition>
      </parameterDefinitions>
    </hudson.model.ParametersDefinitionProperty>
    <com.sonyericsson.rebuild.RebuildSettings plugin="rebuild@1.22">
      <autoRebuild>false</autoRebuild>
    </com.sonyericsson.rebuild.RebuildSettings>
    <hudson.plugins.throttleconcurrents.ThrottleJobProperty plugin="throttle-concurrents@1.8">
      <maxConcurrentPerNode>0</maxConcurrentPerNode>
      <maxConcurrentTotal>0</maxConcurrentTotal>
      <throttleEnabled>false</throttleEnabled>
      <throttleOption>project</throttleOption>
    </hudson.plugins.throttleconcurrents.ThrottleJobProperty>
  </properties>
  <scm class="hudson.scm.NullSCM"/>
  <assignedNode>MCI_builders</assignedNode>
  <canRoam>false</canRoam>
  <disabled>false</disabled>
  <blockBuildWhenDownstreamBuilding>false</blockBuildWhenDownstreamBuilding>
  <blockBuildWhenUpstreamBuilding>false</blockBuildWhenUpstreamBuilding>
  <triggers/>
  <concurrentBuild>false</concurrentBuild>
  <builders>
    <hudson.tasks.Shell>
      <command>. $(find /opt/curl/x86_64/*/interface/startup -name curl*.env | sort -r | head -n1)

ttime=$(date &quot;+%FT%T&quot;)

echo &quot;ECL_PS_REV=${PS_REL}&quot; &gt; ~/TCOM_CPI_${RELEASE}.prop
echo &quot;STAT_PS_REV=${STATUS}&quot; &gt;&gt; ~/TCOM_CPI_${RELEASE}.prop

for REL in REL3 REL4;
do 
  if [[ -e ~/TCOM_CPI_${REL}.prop ]] ; then
    source ~/TCOM_CPI_${REL}.prop
    export PS_REV_${REL}=${ECL_PS_REV}
    export STATUS_${REL}=${STAT_PS_REV}
  else 
    echo &quot;file TCOM_CPI_${REL}.prop not found&quot;
    exit 1  
  fi
done
echo ${PS_REV_REL3}
echo ${PS_REV_REL4}

if [[ &quot;${PS_REV_REL3}&quot; == &quot;${PS_REV_REL4}&quot; ]]; then
  if [[ &quot;${STATUS_REL3}&quot; == &quot;FAILED&quot; ]] || [[ &quot;${STATUS_REL4}&quot; == &quot;FAILED&quot; ]]; then
    STATUS=FAILED
  elif [[ &quot;${STATUS_REL3}&quot; == &quot;ONGOING&quot; ]] || [[ &quot;${STATUS_REL4}&quot; == &quot;ONGOING&quot; ]]; then
    STATUS=ONGOING
  elif [[ &quot;${STATUS_REL3}&quot; == &quot;PASSED&quot; ]] &amp;&amp; [[ &quot;${STATUS_REL4}&quot; == &quot;PASSED&quot; ]]; then
    STATUS=PASSED
  else
    STATUS=OTHER
  fi
else
  STATUS=NOT_STARTED
fi
#data mapping
case ${STATUS} in
  NOT_STARTED) result=&quot;0&quot;
  ;;
  PASSED) result=&quot;1&quot;
  ;;
  FAILED) result=&quot;2&quot;
  ;;
  SUSPENDED) result=&quot;3&quot;
  ;;
  ONGOING) result=&quot;4&quot;
  ;;
  OTHER) result=&quot;99&quot;
  ;;
esac

cat &lt;&lt; EOF &gt; SRW_TCOM.json
{
    &quot;status&quot;: &quot;${result}&quot;,
    &quot;ps_rel&quot;: {
        &quot;baseline&quot;: &quot;${PS_REL}&quot;
    },
    &quot;team&quot;: {
        &quot;name&quot;: &quot;SRW_TCOM&quot;
    },
    &quot;url&quot;: &quot;http://coop.china.nsn-net.net/html/dashboard/global/SCCIDashboard.html?repository=https%3A//wrscmi.inside.nsn.com/isource/svnroot/BTS_SC_CPLANE_W/tcom/TCOM_SBTS_CPI&amp;page_num=0&quot;,
    &quot;update&quot;: &quot;${ttime}&quot;,
    &quot;tag&quot;: &quot;null&quot;,
    &quot;meta&quot;: {}
}
EOF

cat SRW_TCOM.json

curl -X POST -H &quot;Content-Type: application/json&quot; -d @SRW_TCOM.json https://interrobang.emea.nsn-net.net/api/ps_rel_int/ -v || exit 1
</command>
    </hudson.tasks.Shell>
  </builders>
  <publishers/>
  <buildWrappers/>
</project>