<?xml version="1.0" encoding="UTF-8"?>
<releasenote version="11">
<name>GF17_SRAN_FSMR3_18_49_BL222</name>
<system>GSM BTS</system>
<releaseDate>2018-12-04</releaseDate>
<releaseTime>04:40:00Z</releaseTime>
<authorEmail>nsn.btsman@nokia.com</authorEmail>
<basedOn>GF17_SRAN_FSMR3_18_47_BL221</basedOn>
<branchFor>
<branch>SBTS17A_FSM3</branch>
<branch>SBTS17A</branch>
</branchFor>
<repositoryUrl>https://svne1.inside.nsn.com/isource/svnroot/BSS_BTS_SW</repositoryUrl>
<repositoryBranch>/GF1/branches/GF17_2.0</repositoryBranch>
<repositoryRevision>r76536</repositoryRevision>
<repositoryType>svn</repositoryType>
<baselines>
<baseline name="PS">FB_PS_REL_2017_08_208</baseline>
</baselines>
<download>
<downloadItem name="GSM BTS" storage="svn">https://bhscme.access.nsn.com/isource/svnroot/BSS_BTS_SW/fsmr4/tags/GF17_SRAN_FSMR3/GF17_SRAN_FSMR3_18_49_BL222</downloadItem>
<downloadItem name="MAP OUT" storage="Shared Location">\\bhlinn12.apac.nsn-net.net\linux_build\BTS_BUILDS\SBTS\GF17_SRAN\GF17_SRAN_FSMR3_18_49_BL222\</downloadItem>
</download>
</releasenote>