{
   "abstract" : "unknown",
   "author" : [
      "unknown"
   ],
   "dynamic_config" : 1,
   "generated_by" : "ExtUtils::MakeMaker version 6.62, CPAN::Meta::Converter version 2.112621",
   "license" : [
      "perl_5"
   ],
   "meta-spec" : {
      "url" : "http://search.cpan.org/perldoc?CPAN::Meta::Spec",
      "version" : "2"
   },
   "name" : "MIME-Lite",
   "no_index" : {
      "directory" : [
         "t",
         "inc"
      ]
   },
   "prereqs" : {
      "build" : {
         "requires" : {
            "ExtUtils::MakeMaker" : 0
         }
      },
      "configure" : {
         "requires" : {
            "ExtUtils::MakeMaker" : 0
         }
      },
      "runtime" : {
         "requires" : {
            "Email::Date::Format" : "1.000",
            "File::Basename" : 0,
            "File::Spec" : 0
         }
      }
   },
   "release_status" : "stable",
   "resources" : {
      "x_Repository" : "http://github.com/rjbs/mime-lite"
   },
   "version" : "3.028"
}
